               epoch,      train/box_loss,      train/obj_loss,      train/cls_loss,   metrics/precision,      metrics/recall,     metrics/mAP_0.5,metrics/mAP_0.5:0.95,        val/box_loss,        val/obj_loss,        val/cls_loss,               x/lr0,               x/lr1,               x/lr2
                   0,            0.082876,             0.15024,            0.023288,           0.0041944,            0.035088,          0.00096509,          0.00011626,            0.077545,            0.012864,            0.018861,             0.00096,             0.00096,             0.09136
                   1,            0.056828,            0.015826,            0.017561,           0.0075138,             0.25292,           0.0057364,           0.0014891,            0.049383,            0.010585,             0.01612,           0.0019299,           0.0019299,             0.08263
                   2,             0.04385,            0.012344,            0.016417,             0.12915,             0.17544,             0.11169,            0.038201,            0.044616,           0.0089782,            0.014541,           0.0028994,           0.0028994,            0.073899
                   3,            0.038576,            0.011416,            0.014077,             0.18369,             0.19883,             0.14429,             0.04744,            0.039299,           0.0084223,            0.012462,           0.0038681,           0.0038681,            0.065168
                   4,            0.037004,             0.01058,           0.0083617,             0.20392,             0.40478,             0.22048,            0.090017,             0.03457,           0.0079056,           0.0044169,           0.0048357,           0.0048357,            0.056436
                   5,            0.039428,            0.010002,           0.0050042,             0.24277,              0.3585,             0.22514,            0.077879,            0.033841,           0.0080016,           0.0037124,           0.0058019,           0.0058019,            0.047702
                   6,            0.036428,           0.0098273,           0.0038712,             0.48685,             0.59177,             0.52086,             0.20464,            0.029958,           0.0077483,           0.0024347,           0.0067665,           0.0067665,            0.038966
                   7,            0.034447,           0.0095832,           0.0033017,             0.52494,             0.56486,             0.50654,              0.2223,            0.038214,           0.0074283,           0.0040482,           0.0077289,           0.0077289,            0.030229
                   8,            0.032825,           0.0093808,           0.0032675,              0.5431,             0.43337,             0.45747,             0.17928,            0.030777,           0.0076997,           0.0038374,           0.0086891,           0.0086891,            0.021489
                   9,            0.031631,           0.0092526,           0.0029104,              0.4922,             0.42258,             0.41774,             0.14967,            0.032671,           0.0082134,           0.0028693,           0.0096465,           0.0096465,            0.012746
                  10,             0.03014,           0.0091186,           0.0029637,             0.39312,             0.43191,             0.35084,             0.13829,            0.037005,           0.0074165,           0.0029626,           0.0099446,           0.0099446,           0.0099446
                  11,            0.028425,           0.0089091,           0.0022721,              0.6416,             0.54398,              0.6116,              0.3002,            0.027507,           0.0068639,           0.0015611,           0.0099446,           0.0099446,           0.0099446
                  12,            0.027719,           0.0087163,           0.0025862,             0.66849,             0.47529,             0.52869,               0.207,            0.034103,           0.0070557,             0.01662,            0.009933,            0.009933,            0.009933
                  13,            0.026884,           0.0086263,           0.0021266,               0.613,             0.56692,             0.59683,             0.28722,            0.024383,           0.0064881,           0.0047908,           0.0099203,           0.0099203,           0.0099203
                  14,            0.025922,           0.0083244,            0.001666,              0.6891,             0.66312,             0.73483,             0.36629,            0.024282,           0.0059945,           0.0013847,           0.0099065,           0.0099065,           0.0099065
                  15,            0.024606,           0.0082418,           0.0018759,             0.78154,             0.64315,             0.77562,              0.3921,            0.024457,           0.0062839,           0.0034275,           0.0098916,           0.0098916,           0.0098916
                  16,            0.023659,           0.0077605,           0.0015743,             0.78121,             0.74841,             0.81584,             0.44472,            0.022308,           0.0058636,          0.00075779,           0.0098757,           0.0098757,           0.0098757
                  17,            0.023332,           0.0079242,           0.0017701,             0.76341,             0.74985,             0.82135,             0.40907,             0.02333,           0.0061601,           0.0012315,           0.0098586,           0.0098586,           0.0098586
                  18,            0.022686,           0.0076356,           0.0013119,             0.82232,             0.75075,             0.86239,             0.48919,            0.021515,           0.0055792,          0.00065787,           0.0098405,           0.0098405,           0.0098405
                  19,            0.022543,           0.0073822,           0.0013544,             0.79537,             0.75579,             0.86313,             0.48719,            0.019871,           0.0053337,           0.0010798,           0.0098213,           0.0098213,           0.0098213
                  20,            0.021827,           0.0070919,           0.0012463,             0.80301,             0.76496,              0.8671,             0.50426,            0.020823,           0.0054807,          0.00059845,           0.0098011,           0.0098011,           0.0098011
                  21,            0.021765,           0.0071863,           0.0010657,             0.81823,             0.73902,              0.8566,             0.49967,            0.021012,           0.0052808,           0.0010846,           0.0097798,           0.0097798,           0.0097798
                  22,            0.021082,           0.0069066,           0.0011445,             0.79853,             0.76829,             0.88456,             0.54034,            0.018897,           0.0051422,          0.00048883,           0.0097574,           0.0097574,           0.0097574
                  23,            0.020519,           0.0068726,           0.0011307,             0.85904,             0.79851,              0.8919,             0.53717,            0.021777,           0.0051223,          0.00051264,            0.009734,            0.009734,            0.009734
                  24,            0.020945,           0.0068154,            0.001064,             0.82216,             0.81044,             0.90972,             0.57304,            0.018857,           0.0049011,          0.00052403,           0.0097095,           0.0097095,           0.0097095
                  25,            0.020114,           0.0065412,          0.00088283,             0.77792,             0.92045,             0.90932,             0.55505,            0.018018,           0.0049434,          0.00045301,            0.009684,            0.009684,            0.009684
                  26,            0.020298,           0.0066401,           0.0010656,             0.76067,             0.88979,             0.89955,             0.56632,            0.018578,           0.0050216,           0.0010421,           0.0096575,           0.0096575,           0.0096575
                  27,            0.020051,           0.0064706,          0.00095672,             0.72292,             0.92108,             0.88537,             0.59267,             0.01978,           0.0048991,          0.00052493,           0.0096299,           0.0096299,           0.0096299
                  28,            0.020128,           0.0063993,          0.00099697,             0.75446,             0.89517,             0.88199,             0.55195,            0.018523,           0.0048381,           0.0004458,           0.0096013,           0.0096013,           0.0096013
                  29,            0.019749,           0.0063919,          0.00092894,             0.81461,             0.87477,             0.91799,             0.59664,            0.017906,           0.0047893,          0.00044772,           0.0095717,           0.0095717,           0.0095717
                  30,            0.019367,           0.0062297,           0.0008484,              0.8527,             0.91519,              0.9354,              0.6102,             0.01842,           0.0046384,          0.00041231,           0.0095411,           0.0095411,           0.0095411
                  31,             0.01949,           0.0061484,          0.00072226,             0.84078,             0.94502,             0.94028,             0.62556,            0.017827,           0.0045764,          0.00037758,           0.0095095,           0.0095095,           0.0095095
                  32,            0.018923,           0.0060848,           0.0009168,             0.75403,             0.91895,              0.9146,             0.59406,            0.019008,           0.0045499,          0.00045006,           0.0094769,           0.0094769,           0.0094769
                  33,            0.018903,           0.0059198,          0.00079966,             0.82213,             0.96181,             0.94511,             0.61131,            0.018209,           0.0043741,          0.00054013,           0.0094434,           0.0094434,           0.0094434
                  34,            0.018727,           0.0058734,          0.00065269,              0.7937,             0.94197,             0.94884,             0.62556,            0.017562,           0.0042774,          0.00035403,           0.0094088,           0.0094088,           0.0094088
                  35,            0.018217,           0.0057794,          0.00055325,             0.85411,              0.8961,             0.93212,             0.59783,            0.017464,           0.0045013,          0.00072871,           0.0093733,           0.0093733,           0.0093733
                  36,            0.018283,           0.0057875,          0.00083007,             0.76577,             0.94099,             0.91476,             0.59831,            0.018229,            0.004536,           0.0015361,           0.0093369,           0.0093369,           0.0093369
                  37,            0.018624,           0.0058781,          0.00082501,             0.82937,             0.84208,             0.89041,             0.54904,            0.017861,           0.0044331,          0.00048176,           0.0092995,           0.0092995,           0.0092995
                  38,            0.018307,           0.0057105,           0.0007875,             0.87686,             0.90581,             0.94938,             0.65302,            0.016774,            0.004116,          0.00029296,           0.0092611,           0.0092611,           0.0092611
                  39,              0.0181,           0.0056488,          0.00069471,             0.83937,             0.87567,             0.89517,             0.60087,            0.017468,            0.004394,          0.00054508,           0.0092219,           0.0092219,           0.0092219
                  40,            0.017857,           0.0055668,          0.00070671,             0.90111,              0.9191,              0.9655,              0.6469,            0.016641,           0.0042894,          0.00029315,           0.0091817,           0.0091817,           0.0091817
                  41,            0.017989,           0.0055081,          0.00073338,             0.85155,             0.90736,             0.93457,             0.62996,            0.016552,           0.0043112,          0.00030555,           0.0091406,           0.0091406,           0.0091406
                  42,             0.01748,           0.0055477,          0.00095708,             0.83698,             0.94136,             0.94001,             0.62816,            0.016928,           0.0041665,          0.00026351,           0.0090986,           0.0090986,           0.0090986
                  43,            0.017867,           0.0054741,          0.00076969,             0.94113,             0.92544,             0.96705,              0.6745,            0.016422,           0.0041345,          0.00031137,           0.0090557,           0.0090557,           0.0090557
                  44,             0.01751,           0.0053272,          0.00069755,             0.89954,             0.93875,             0.95527,             0.65006,            0.016731,           0.0040468,          0.00045837,           0.0090119,           0.0090119,           0.0090119
                  45,            0.017233,           0.0054109,          0.00069574,             0.92047,             0.89775,             0.95414,             0.68385,             0.01663,           0.0038978,          0.00073172,           0.0089673,           0.0089673,           0.0089673
                  46,            0.017361,            0.005368,          0.00071166,             0.92219,             0.91075,             0.96204,             0.66908,            0.016208,            0.004147,          0.00034856,           0.0089218,           0.0089218,           0.0089218
                  47,            0.016858,           0.0052244,          0.00073343,             0.89929,             0.93523,             0.96584,              0.6576,            0.015894,           0.0039484,          0.00031329,           0.0088755,           0.0088755,           0.0088755
                  48,            0.017016,            0.005201,          0.00067667,              0.9233,             0.98359,             0.97245,             0.69714,            0.015873,           0.0039538,          0.00040771,           0.0088283,           0.0088283,           0.0088283
                  49,             0.01697,           0.0051476,          0.00051174,             0.95346,             0.96691,             0.97576,             0.69156,            0.016005,           0.0039509,          0.00028523,           0.0087804,           0.0087804,           0.0087804
                  50,            0.016465,           0.0050691,          0.00054228,             0.96703,             0.91882,             0.97413,             0.70406,            0.015506,           0.0038221,          0.00026724,           0.0087316,           0.0087316,           0.0087316
                  51,            0.016415,           0.0050576,          0.00053801,              0.9283,             0.95639,             0.97229,             0.69297,            0.015298,           0.0037699,          0.00043152,            0.008682,            0.008682,            0.008682
                  52,            0.016528,           0.0050368,          0.00071698,             0.87802,              0.9399,             0.94753,               0.669,            0.016192,           0.0039106,          0.00037189,           0.0086316,           0.0086316,           0.0086316
                  53,            0.016603,           0.0051707,          0.00072286,             0.93516,             0.93497,             0.96503,             0.66739,            0.016398,           0.0038457,          0.00048098,           0.0085805,           0.0085805,           0.0085805
                  54,            0.016749,           0.0049516,          0.00066166,             0.90547,              0.9662,             0.96617,             0.67504,            0.016221,           0.0039615,          0.00024183,           0.0085286,           0.0085286,           0.0085286
                  55,            0.016499,           0.0050986,          0.00061752,             0.89668,             0.96135,             0.96716,             0.70578,            0.015649,               0.004,          0.00037874,           0.0084759,           0.0084759,           0.0084759
                  56,            0.016168,           0.0047222,          0.00047648,             0.90509,             0.94283,              0.9647,             0.69648,            0.015208,           0.0037244,          0.00069659,           0.0084225,           0.0084225,           0.0084225
                  57,             0.01576,            0.004862,          0.00043558,             0.90062,             0.96703,             0.97022,             0.69844,            0.014622,           0.0037268,          0.00025839,           0.0083684,           0.0083684,           0.0083684
                  58,            0.015591,           0.0047306,           0.0004869,             0.88972,             0.96899,             0.97146,             0.69435,            0.014554,           0.0037999,          0.00037176,           0.0083136,           0.0083136,           0.0083136
                  59,            0.015974,           0.0048449,           0.0004267,             0.93553,              0.9206,             0.96734,             0.71195,             0.01463,           0.0037635,          0.00072083,           0.0082581,           0.0082581,           0.0082581
                  60,            0.015649,           0.0048493,          0.00060583,               0.883,             0.97811,             0.96902,             0.68123,            0.015341,           0.0037968,           0.0014546,           0.0082019,           0.0082019,           0.0082019
                  61,            0.015863,            0.004705,           0.0004692,             0.97222,             0.93109,             0.97628,             0.71216,            0.014981,           0.0036908,            0.000215,            0.008145,            0.008145,            0.008145
                  62,            0.015274,           0.0048294,          0.00044887,             0.93258,             0.95166,             0.97438,             0.69205,            0.015428,           0.0037461,          0.00023498,           0.0080875,           0.0080875,           0.0080875
                  63,            0.015497,           0.0046633,          0.00043586,             0.95051,             0.95809,             0.98222,             0.71456,            0.015012,           0.0036197,          0.00024498,           0.0080294,           0.0080294,           0.0080294
                  64,            0.014965,           0.0046564,          0.00038055,             0.92969,             0.96915,             0.96731,             0.70762,            0.014929,           0.0037144,          0.00029786,           0.0079706,           0.0079706,           0.0079706
                  65,            0.015158,           0.0045251,           0.0003737,             0.93261,             0.95327,             0.97954,               0.721,            0.014734,           0.0036181,          0.00022883,           0.0079112,           0.0079112,           0.0079112
                  66,            0.015092,           0.0044758,          0.00037351,             0.94971,             0.95776,             0.98429,             0.71041,            0.015036,           0.0037332,          0.00018954,           0.0078512,           0.0078512,           0.0078512
                  67,            0.014902,           0.0043786,          0.00053478,             0.94917,             0.95167,             0.96763,             0.69873,            0.014363,           0.0035762,          0.00031557,           0.0077907,           0.0077907,           0.0077907
                  68,            0.015053,           0.0045949,          0.00037961,             0.90159,             0.97434,             0.97009,             0.72331,            0.014216,           0.0035465,          0.00026802,           0.0077296,           0.0077296,           0.0077296
                  69,             0.01506,           0.0044933,          0.00041661,             0.90383,             0.96851,             0.97025,             0.71476,            0.014236,           0.0035607,          0.00031751,           0.0076679,           0.0076679,           0.0076679
                  70,            0.015022,           0.0045316,          0.00056391,             0.92846,             0.95533,             0.96905,             0.71688,              0.0143,           0.0035673,          0.00039933,           0.0076057,           0.0076057,           0.0076057
                  71,            0.015163,           0.0045759,          0.00044759,             0.95428,             0.93183,             0.97194,             0.72823,             0.01467,           0.0037225,          0.00017749,            0.007543,            0.007543,            0.007543
                  72,            0.014665,            0.004475,          0.00035949,             0.96916,             0.95665,              0.9825,             0.72411,            0.014359,           0.0036721,          0.00023301,           0.0074797,           0.0074797,           0.0074797
                  73,            0.014555,           0.0044901,          0.00043337,             0.90434,             0.95493,             0.97179,             0.72765,            0.013995,           0.0035592,          0.00023472,            0.007416,            0.007416,            0.007416
                  74,            0.014745,           0.0044596,          0.00040066,             0.93496,             0.92908,             0.96481,             0.70907,            0.014218,            0.003617,          0.00036648,           0.0073518,           0.0073518,           0.0073518
                  75,            0.014442,            0.004388,          0.00040727,             0.92955,             0.96849,             0.97469,              0.7193,            0.014223,           0.0035548,          0.00025321,           0.0072872,           0.0072872,           0.0072872
                  76,            0.014332,           0.0044243,          0.00036243,             0.95454,             0.94056,             0.98027,             0.72927,            0.014079,           0.0035669,          0.00026113,           0.0072221,           0.0072221,           0.0072221
                  77,            0.014308,           0.0043121,          0.00038238,             0.95021,             0.95828,             0.97875,             0.72953,             0.01377,           0.0035039,          0.00020846,           0.0071566,           0.0071566,           0.0071566
                  78,            0.014266,           0.0042831,          0.00042044,             0.95088,             0.95268,             0.97825,             0.72973,            0.014385,           0.0035472,          0.00022252,           0.0070906,           0.0070906,           0.0070906
                  79,            0.014396,           0.0043834,          0.00052218,             0.98868,             0.94692,             0.98635,             0.72858,            0.014722,           0.0036568,          0.00021822,           0.0070243,           0.0070243,           0.0070243
                  80,            0.014434,           0.0043441,          0.00038366,             0.94658,             0.97182,             0.97136,             0.70609,             0.01421,           0.0035038,          0.00033569,           0.0069576,           0.0069576,           0.0069576
                  81,            0.014188,           0.0042805,          0.00036632,             0.92126,             0.96526,             0.97801,             0.70223,             0.01436,           0.0035108,          0.00028538,           0.0068906,           0.0068906,           0.0068906
                  82,            0.014241,           0.0042961,          0.00037725,             0.92686,             0.97596,             0.97535,              0.7098,            0.014023,           0.0036111,          0.00026275,           0.0068232,           0.0068232,           0.0068232
                  83,            0.013996,           0.0041839,          0.00039507,             0.94858,             0.96675,             0.97926,             0.70415,            0.013977,           0.0036003,           0.0002329,           0.0067555,           0.0067555,           0.0067555
                  84,            0.013926,           0.0042513,          0.00043695,             0.96221,             0.95621,             0.98284,              0.7359,            0.013405,           0.0034815,          0.00015661,           0.0066874,           0.0066874,           0.0066874
                  85,            0.013802,           0.0041931,          0.00035853,             0.94229,             0.96967,             0.98062,              0.7404,            0.013248,           0.0034406,           0.0001991,           0.0066191,           0.0066191,           0.0066191
                  86,            0.013973,           0.0042101,          0.00042453,             0.94433,             0.94469,              0.9745,             0.74156,            0.013482,           0.0035229,          0.00029502,           0.0065505,           0.0065505,           0.0065505
                  87,            0.013919,           0.0041727,           0.0003927,             0.91392,             0.97613,             0.96687,             0.73522,            0.013656,           0.0034819,          0.00029499,           0.0064816,           0.0064816,           0.0064816
                  88,            0.013707,           0.0041315,          0.00027909,             0.93017,             0.97101,             0.97432,             0.75115,            0.013322,           0.0033366,          0.00020564,           0.0064125,           0.0064125,           0.0064125
                  89,            0.013528,           0.0040731,          0.00033993,             0.96293,             0.96855,             0.98579,             0.76491,            0.013465,           0.0034173,          0.00019163,           0.0063432,           0.0063432,           0.0063432
                  90,            0.013594,           0.0040778,          0.00035968,             0.94708,             0.96019,             0.97754,             0.74023,            0.013387,           0.0033775,          0.00021168,           0.0062737,           0.0062737,           0.0062737
                  91,            0.013607,           0.0041324,          0.00039075,             0.94137,             0.96019,             0.97433,             0.73613,            0.013428,           0.0033684,          0.00048567,            0.006204,            0.006204,            0.006204
                  92,            0.013441,           0.0040677,          0.00035857,             0.93476,             0.96407,             0.98198,              0.7473,             0.01364,           0.0033944,          0.00019255,           0.0061341,           0.0061341,           0.0061341
                  93,            0.013339,           0.0040641,           0.0002991,             0.93189,             0.96822,               0.968,             0.73976,            0.013378,           0.0033871,          0.00020091,            0.006064,            0.006064,            0.006064
                  94,            0.013251,           0.0040832,          0.00026265,             0.94076,             0.97315,             0.98311,             0.74046,            0.013061,           0.0033881,          0.00019192,           0.0059938,           0.0059938,           0.0059938
                  95,            0.013162,           0.0039507,          0.00036184,             0.94425,             0.95897,             0.97792,             0.74832,            0.013174,           0.0034932,          0.00025674,           0.0059235,           0.0059235,           0.0059235
                  96,            0.013053,           0.0039769,          0.00027893,             0.94802,             0.98058,             0.98066,             0.74574,            0.013167,           0.0034336,          0.00016889,           0.0058531,           0.0058531,           0.0058531
                  97,            0.013312,           0.0039515,          0.00033702,             0.92052,              0.9722,             0.96755,             0.72966,            0.013285,           0.0033711,          0.00033544,           0.0057826,           0.0057826,           0.0057826
                  98,            0.013045,           0.0038819,          0.00027016,              0.9311,             0.97474,             0.97674,             0.73495,            0.013144,           0.0034425,          0.00021865,            0.005712,            0.005712,            0.005712
                  99,            0.013045,           0.0039546,          0.00024163,             0.93512,             0.95972,             0.97365,             0.73761,            0.013122,           0.0033904,          0.00022067,           0.0056413,           0.0056413,           0.0056413
                 100,            0.012888,           0.0039272,          0.00027904,             0.96074,             0.95082,             0.97172,             0.73733,            0.013231,           0.0034135,          0.00035996,           0.0055707,           0.0055707,           0.0055707
                 101,            0.012713,           0.0038587,          0.00024008,              0.9279,              0.9641,             0.97567,             0.74421,            0.013247,           0.0033929,           0.0002126,              0.0055,              0.0055,              0.0055
                 102,            0.012623,           0.0039065,          0.00032152,             0.96639,             0.94882,             0.98217,             0.73942,             0.01318,           0.0033605,          0.00018521,           0.0054293,           0.0054293,           0.0054293
                 103,            0.012711,           0.0038566,          0.00031104,               0.952,             0.97647,             0.98717,             0.74375,            0.013002,           0.0032827,          0.00017139,           0.0053587,           0.0053587,           0.0053587
                 104,            0.012681,           0.0038607,          0.00031669,             0.96942,             0.96018,             0.98873,             0.74862,            0.012866,           0.0032834,          0.00020239,            0.005288,            0.005288,            0.005288
                 105,            0.012498,           0.0037429,          0.00023174,             0.95137,             0.95972,              0.9811,             0.76031,            0.012941,           0.0032573,          0.00022469,           0.0052174,           0.0052174,           0.0052174
                 106,            0.012419,            0.003838,          0.00025166,             0.97593,              0.9715,             0.98472,             0.75757,            0.012642,           0.0032253,          0.00021722,           0.0051469,           0.0051469,           0.0051469
                 107,            0.012361,           0.0038308,          0.00029448,             0.96904,             0.95674,             0.98331,             0.76951,             0.01265,            0.003249,          0.00019344,           0.0050765,           0.0050765,           0.0050765
                 108,            0.012509,           0.0037595,          0.00023688,             0.94621,             0.97602,             0.97585,             0.75381,            0.012783,           0.0032312,          0.00025626,           0.0050062,           0.0050062,           0.0050062
                 109,            0.012279,           0.0037799,           0.0002721,             0.95687,             0.96547,             0.97772,              0.7564,            0.012687,           0.0032918,          0.00022376,            0.004936,            0.004936,            0.004936
                 110,            0.012251,           0.0036467,          0.00023559,             0.95848,              0.9641,             0.97793,             0.76717,            0.012855,           0.0032789,          0.00025678,           0.0048659,           0.0048659,           0.0048659
                 111,            0.012204,           0.0037985,          0.00029894,              0.9371,             0.97461,             0.97708,             0.76316,            0.012701,            0.003315,          0.00027192,            0.004796,            0.004796,            0.004796
                 112,            0.012121,           0.0037016,          0.00022525,             0.94689,              0.9655,             0.98133,             0.76734,              0.0124,            0.003337,          0.00024258,           0.0047263,           0.0047263,           0.0047263
                 113,            0.012133,           0.0036946,          0.00022974,             0.93911,             0.97325,             0.97836,             0.75426,            0.012696,           0.0032569,          0.00018957,           0.0046568,           0.0046568,           0.0046568
                 114,             0.01204,           0.0036559,          0.00023025,             0.95555,             0.97033,             0.98132,             0.75899,            0.012645,            0.003254,          0.00019371,           0.0045875,           0.0045875,           0.0045875
                 115,            0.012001,           0.0037547,          0.00026411,             0.95612,              0.9743,             0.98264,             0.76853,            0.012654,           0.0032956,           0.0001558,           0.0045184,           0.0045184,           0.0045184
                 116,            0.011786,           0.0037287,          0.00023998,             0.96361,             0.97913,              0.9819,             0.77048,            0.012529,           0.0032361,          0.00018661,           0.0044495,           0.0044495,           0.0044495
                 117,            0.011734,           0.0036755,          0.00022926,              0.9583,             0.96115,             0.98199,             0.77239,            0.012448,            0.003229,          0.00024832,           0.0043809,           0.0043809,           0.0043809
                 118,            0.011675,           0.0035994,          0.00017612,             0.96167,             0.97619,                0.98,             0.76484,            0.012596,           0.0032658,          0.00031344,           0.0043126,           0.0043126,           0.0043126
                 119,            0.011588,           0.0035667,          0.00015209,             0.96864,             0.97182,             0.98311,               0.751,            0.012821,           0.0033266,          0.00026458,           0.0042445,           0.0042445,           0.0042445
                 120,            0.011569,           0.0037014,           0.0001683,             0.97025,             0.97271,             0.98416,              0.7667,            0.012489,           0.0033149,          0.00022599,           0.0041768,           0.0041768,           0.0041768
                 121,            0.011726,           0.0036536,          0.00020434,             0.95569,             0.96405,             0.98428,             0.75942,            0.012954,           0.0033026,          0.00019408,           0.0041094,           0.0041094,           0.0041094
                 122,            0.011607,           0.0036407,          0.00025559,             0.96446,             0.97363,             0.98507,             0.76609,            0.012715,           0.0032154,          0.00025214,           0.0040424,           0.0040424,           0.0040424
                 123,            0.011519,           0.0035419,          0.00014981,             0.97404,             0.97036,             0.98739,             0.76584,            0.012648,           0.0032949,           0.0001285,           0.0039757,           0.0039757,           0.0039757
                 124,            0.011326,           0.0035976,          0.00015227,             0.96537,             0.96068,             0.98134,             0.75814,            0.012723,           0.0032806,          0.00019218,           0.0039094,           0.0039094,           0.0039094
                 125,            0.011129,           0.0035814,          0.00016351,             0.95701,             0.97327,             0.98539,             0.76649,            0.012595,           0.0032901,          0.00013547,           0.0038434,           0.0038434,           0.0038434
                 126,            0.011126,           0.0036004,           0.0001988,             0.95312,             0.97183,             0.97984,             0.76941,             0.01278,           0.0032321,          0.00021463,           0.0037779,           0.0037779,           0.0037779
                 127,            0.011427,           0.0035202,          0.00019335,             0.96386,             0.96115,              0.9793,             0.76868,            0.012759,           0.0032599,          0.00020866,           0.0037128,           0.0037128,           0.0037128
                 128,            0.011283,           0.0034473,          0.00021566,             0.95755,             0.97798,             0.98275,             0.76389,            0.012494,           0.0032088,          0.00017938,           0.0036482,           0.0036482,           0.0036482
                 129,            0.011194,           0.0034927,          0.00022618,             0.95899,             0.97605,             0.98574,             0.77054,            0.012404,           0.0032689,          0.00019028,            0.003584,            0.003584,            0.003584
                 130,            0.011058,           0.0034245,          0.00016313,             0.97155,             0.96994,             0.98292,             0.76788,            0.012527,           0.0032649,          0.00023565,           0.0035203,           0.0035203,           0.0035203
                 131,            0.011246,           0.0033719,          0.00022543,             0.95894,             0.97168,             0.98437,             0.76772,            0.012536,           0.0032411,          0.00023892,            0.003457,            0.003457,            0.003457
                 132,            0.011097,           0.0035451,          0.00017033,             0.95922,             0.97328,             0.98265,             0.76901,            0.012443,           0.0032343,          0.00022621,           0.0033943,           0.0033943,           0.0033943
                 133,            0.010909,           0.0034727,          0.00017318,             0.95759,             0.97395,             0.98317,             0.77199,            0.012265,           0.0032504,          0.00018445,           0.0033321,           0.0033321,           0.0033321
                 134,             0.01076,           0.0033803,           0.0001443,             0.95474,             0.97396,             0.98517,             0.77054,            0.012387,           0.0032511,          0.00014841,           0.0032704,           0.0032704,           0.0032704
                 135,            0.010955,           0.0034201,          0.00017018,             0.95459,             0.97469,             0.98638,             0.76731,            0.012339,           0.0032551,          0.00016651,           0.0032093,           0.0032093,           0.0032093
                 136,            0.010773,           0.0034847,          0.00018322,             0.96751,              0.9732,             0.98412,              0.7664,            0.012487,           0.0032585,          0.00021184,           0.0031488,           0.0031488,           0.0031488
                 137,            0.010803,           0.0034529,          0.00014755,             0.96586,             0.97111,             0.98655,             0.77003,            0.012376,           0.0032211,          0.00016337,           0.0030888,           0.0030888,           0.0030888
                 138,            0.010655,           0.0034007,          0.00017652,             0.96706,             0.96693,             0.98495,             0.76031,            0.012457,           0.0032751,          0.00018095,           0.0030294,           0.0030294,           0.0030294
                 139,            0.010633,           0.0034817,          0.00015978,             0.94525,             0.97453,             0.98385,              0.7733,            0.012407,           0.0032424,          0.00018182,           0.0029706,           0.0029706,           0.0029706
                 140,            0.010621,           0.0033336,           0.0001035,             0.95611,             0.97191,             0.98539,             0.77424,            0.012497,           0.0032111,          0.00016903,           0.0029125,           0.0029125,           0.0029125
                 141,            0.010452,           0.0034356,          0.00012936,             0.96858,             0.96575,             0.98576,             0.77174,            0.012565,           0.0031915,          0.00015558,            0.002855,            0.002855,            0.002855
                 142,            0.010344,           0.0033182,          0.00016413,             0.96724,             0.96984,             0.98474,             0.77008,            0.012473,           0.0031869,          0.00021259,           0.0027981,           0.0027981,           0.0027981
                 143,            0.010489,           0.0034121,          0.00014914,             0.95579,              0.9718,             0.98246,             0.77387,            0.012294,           0.0032102,          0.00020504,           0.0027419,           0.0027419,           0.0027419
                 144,            0.010402,           0.0033312,          0.00012401,             0.96178,             0.97176,             0.98203,             0.77815,            0.012315,           0.0032513,           0.0002088,           0.0026864,           0.0026864,           0.0026864
                 145,            0.010401,           0.0032282,          0.00013034,             0.97159,             0.96449,             0.98115,             0.77985,            0.012234,            0.003217,          0.00019885,           0.0026316,           0.0026316,           0.0026316
                 146,            0.010301,           0.0032703,          0.00016778,             0.96678,             0.97036,             0.98434,             0.78679,            0.012368,           0.0032787,           0.0001419,           0.0025775,           0.0025775,           0.0025775
                 147,            0.010364,           0.0033104,          0.00017214,             0.96345,             0.97175,             0.98615,             0.79167,             0.01235,           0.0032889,          0.00010287,           0.0025241,           0.0025241,           0.0025241
                 148,              0.0103,           0.0033277,          0.00019456,             0.96446,              0.9722,             0.98485,             0.78825,            0.012285,           0.0032527,          0.00013221,           0.0024714,           0.0024714,           0.0024714
                 149,            0.010211,           0.0032428,          0.00016226,             0.96851,              0.9762,             0.98635,             0.78045,            0.012237,           0.0032619,          0.00012178,           0.0024195,           0.0024195,           0.0024195
                 150,            0.010152,            0.003201,          9.7183e-05,             0.96593,              0.9751,             0.98487,             0.77848,            0.012217,           0.0032646,          0.00012913,           0.0023684,           0.0023684,           0.0023684
                 151,            0.010006,           0.0032554,          9.7528e-05,              0.9661,             0.97324,             0.98577,             0.77942,            0.012366,           0.0032903,          0.00013333,            0.002318,            0.002318,            0.002318
                 152,           0.0099463,           0.0032483,          9.2597e-05,             0.97009,             0.97325,             0.98591,             0.77307,            0.012377,           0.0032969,          0.00013586,           0.0022684,           0.0022684,           0.0022684
                 153,            0.010087,           0.0032845,          0.00018834,             0.96488,             0.97324,             0.98459,             0.76933,            0.012289,           0.0032981,          0.00017792,           0.0022196,           0.0022196,           0.0022196
                 154,           0.0099416,            0.003251,          0.00012662,             0.96479,             0.97322,             0.98401,             0.77634,            0.012225,           0.0032321,          0.00021294,           0.0021717,           0.0021717,           0.0021717
                 155,           0.0099864,           0.0031772,          0.00010066,             0.95474,             0.97495,             0.98478,             0.78093,            0.012151,            0.003231,          0.00016072,           0.0021245,           0.0021245,           0.0021245
                 156,           0.0098105,           0.0032046,          0.00013105,             0.96595,             0.97435,             0.98498,             0.77875,            0.012245,           0.0032396,          0.00018543,           0.0020782,           0.0020782,           0.0020782
                 157,           0.0098445,           0.0031979,          9.9008e-05,             0.95473,             0.97487,             0.98396,             0.77183,            0.012226,           0.0032677,          0.00017902,           0.0020327,           0.0020327,           0.0020327
                 158,           0.0098103,           0.0031609,          0.00011719,              0.9685,             0.97474,             0.98211,             0.77635,            0.012202,           0.0032585,           0.0001988,           0.0019881,           0.0019881,           0.0019881
                 159,           0.0097648,           0.0030863,          9.8109e-05,              0.9642,              0.9762,             0.98231,             0.78159,            0.012108,           0.0032362,          0.00021636,           0.0019443,           0.0019443,           0.0019443
                 160,           0.0096277,           0.0031779,          0.00010122,             0.96267,              0.9762,             0.98302,             0.78459,            0.012075,            0.003244,          0.00019712,           0.0019014,           0.0019014,           0.0019014
                 161,           0.0096606,            0.003209,          0.00013454,             0.96364,             0.97474,             0.98496,             0.78225,            0.012081,           0.0032346,          0.00017592,           0.0018594,           0.0018594,           0.0018594
                 162,           0.0096119,           0.0031234,          0.00016699,             0.96552,             0.97474,             0.98284,              0.7827,            0.012131,           0.0032378,          0.00021897,           0.0018183,           0.0018183,           0.0018183
                 163,           0.0095075,           0.0030356,          8.6992e-05,             0.96897,             0.97326,             0.98469,             0.79077,             0.01211,           0.0032449,          0.00018891,           0.0017781,           0.0017781,           0.0017781
                 164,           0.0095381,           0.0031431,          0.00010907,             0.96821,             0.97322,             0.98513,             0.77949,            0.012101,           0.0032374,           0.0002009,           0.0017389,           0.0017389,           0.0017389
                 165,           0.0093969,           0.0031243,          8.2664e-05,              0.9668,             0.97181,             0.98396,             0.78185,            0.012064,           0.0032701,          0.00021819,           0.0017005,           0.0017005,           0.0017005
                 166,           0.0094579,           0.0031565,          9.1832e-05,             0.96723,             0.97219,             0.98441,             0.78069,            0.012102,           0.0032779,          0.00020981,           0.0016631,           0.0016631,           0.0016631
                 167,           0.0096061,           0.0031324,          0.00010266,             0.96619,             0.97324,             0.98525,             0.78422,            0.012108,           0.0032478,          0.00021391,           0.0016267,           0.0016267,           0.0016267
                 168,           0.0094768,            0.003077,           0.0001128,             0.96718,             0.97178,             0.98606,             0.78501,            0.012029,           0.0032437,          0.00020755,           0.0015912,           0.0015912,           0.0015912
                 169,           0.0094428,           0.0031507,          7.4627e-05,             0.96862,             0.97036,             0.98601,             0.78798,            0.012036,           0.0032393,          0.00020229,           0.0015566,           0.0015566,           0.0015566
                 170,           0.0094136,           0.0030447,          0.00010549,             0.96876,              0.9712,             0.98566,              0.7884,            0.012051,           0.0032305,          0.00020271,           0.0015231,           0.0015231,           0.0015231
                 171,           0.0094017,            0.003086,          9.0942e-05,             0.97083,             0.96882,             0.98439,             0.78546,            0.012045,            0.003248,          0.00020208,           0.0014905,           0.0014905,           0.0014905
                 172,           0.0093938,           0.0031289,          0.00010826,             0.97127,             0.96742,             0.98545,             0.78236,            0.012009,           0.0032502,          0.00018993,           0.0014589,           0.0014589,           0.0014589
                 173,           0.0094528,           0.0030643,          8.3273e-05,             0.97003,             0.97032,             0.98523,             0.78598,            0.011944,           0.0032439,          0.00018049,           0.0014283,           0.0014283,           0.0014283
                 174,           0.0091455,           0.0030599,          6.1427e-05,             0.96891,             0.97036,             0.98522,             0.78537,            0.011916,           0.0032446,           0.0001938,           0.0013987,           0.0013987,           0.0013987
                 175,           0.0092318,           0.0030587,          8.5396e-05,             0.97165,             0.96889,             0.98595,             0.78872,            0.011942,           0.0032409,           0.0001871,           0.0013701,           0.0013701,           0.0013701
                 176,           0.0093209,           0.0030636,          9.4089e-05,             0.96972,             0.97031,             0.98531,             0.78559,            0.011935,           0.0032452,          0.00019746,           0.0013425,           0.0013425,           0.0013425
                 177,           0.0091333,           0.0030586,          5.9305e-05,             0.97117,             0.97036,             0.98483,             0.78589,            0.011989,           0.0032385,          0.00019634,            0.001316,            0.001316,            0.001316
                 178,           0.0093087,            0.003077,          5.9678e-05,             0.96988,             0.97036,             0.98457,             0.78834,            0.011978,           0.0032278,          0.00019831,           0.0012905,           0.0012905,           0.0012905
                 179,           0.0092065,           0.0029931,          8.9885e-05,             0.97122,             0.97031,             0.98417,             0.78511,            0.011924,           0.0032263,          0.00019905,            0.001266,            0.001266,            0.001266
                 180,           0.0091575,           0.0030533,          0.00012652,             0.97085,             0.97035,             0.98509,             0.79141,            0.011869,           0.0032516,          0.00020455,           0.0012426,           0.0012426,           0.0012426
                 181,           0.0091179,           0.0030507,          0.00013406,              0.9717,             0.97036,             0.98573,             0.78754,            0.011859,           0.0032556,          0.00021261,           0.0012202,           0.0012202,           0.0012202
                 182,           0.0089869,           0.0030021,            7.15e-05,             0.97283,             0.97036,             0.98627,             0.79266,            0.011818,           0.0032609,          0.00018595,           0.0011989,           0.0011989,           0.0011989
                 183,           0.0091229,           0.0030483,          0.00010558,             0.97115,             0.96889,              0.9868,             0.79265,            0.011867,           0.0032597,          0.00017482,           0.0011787,           0.0011787,           0.0011787
                 184,           0.0091262,           0.0030257,          5.5389e-05,             0.96876,             0.96886,             0.98673,             0.79155,            0.011953,           0.0032491,          0.00016486,           0.0011595,           0.0011595,           0.0011595
                 185,           0.0090443,           0.0030885,          6.9285e-05,             0.96892,             0.97035,             0.98671,             0.78854,             0.01199,           0.0032576,          0.00017683,           0.0011414,           0.0011414,           0.0011414
                 186,           0.0090243,           0.0029828,          6.5422e-05,             0.97001,             0.97182,             0.98695,              0.7926,            0.011994,           0.0032571,          0.00017913,           0.0011243,           0.0011243,           0.0011243
                 187,           0.0090801,           0.0030137,          6.3975e-05,             0.97021,             0.97179,             0.98667,             0.79288,            0.012026,           0.0032583,          0.00017971,           0.0011084,           0.0011084,           0.0011084
                 188,           0.0089905,           0.0030133,           9.205e-05,             0.96878,             0.97325,             0.98756,             0.79537,            0.012026,           0.0032522,          0.00015474,           0.0010935,           0.0010935,           0.0010935
                 189,           0.0090005,           0.0029821,          6.4713e-05,             0.96606,             0.97474,             0.98746,             0.79182,            0.012035,           0.0032532,          0.00013325,           0.0010797,           0.0010797,           0.0010797
                 190,           0.0088871,            0.002989,           6.082e-05,             0.97159,             0.96902,             0.98774,             0.78903,            0.012025,           0.0032589,          0.00014141,            0.001067,            0.001067,            0.001067
                 191,            0.008898,           0.0029625,          5.0022e-05,             0.97156,             0.97163,             0.98795,             0.78909,            0.012006,           0.0032561,          0.00014798,           0.0010554,           0.0010554,           0.0010554
                 192,           0.0090394,           0.0030258,          5.8737e-05,             0.97178,             0.97036,             0.98805,             0.79082,            0.011979,           0.0032348,          0.00015495,           0.0010449,           0.0010449,           0.0010449
                 193,            0.009023,           0.0029076,           9.081e-05,             0.97094,             0.97036,             0.98709,             0.79186,            0.011964,           0.0032276,          0.00015757,           0.0010355,           0.0010355,           0.0010355
                 194,           0.0088699,            0.002993,          4.5584e-05,             0.97172,             0.97032,             0.98713,             0.79331,             0.01194,           0.0032336,          0.00016079,           0.0010272,           0.0010272,           0.0010272
                 195,           0.0088863,           0.0028611,          0.00010058,             0.97153,             0.97034,             0.98724,             0.79294,            0.011977,           0.0032446,          0.00015083,             0.00102,             0.00102,             0.00102
                 196,           0.0088315,           0.0029925,          7.2313e-05,             0.97276,             0.97036,             0.98762,             0.79399,            0.011961,           0.0032523,           0.0001435,           0.0010139,           0.0010139,           0.0010139
                 197,           0.0088247,           0.0029637,          5.9542e-05,              0.9722,             0.97035,             0.98835,             0.79493,            0.011948,           0.0032586,          0.00012942,           0.0010089,           0.0010089,           0.0010089
                 198,           0.0089382,           0.0029552,          7.3153e-05,             0.97145,             0.97035,             0.98847,               0.794,            0.011918,           0.0032488,          0.00011951,            0.001005,            0.001005,            0.001005
                 199,           0.0088739,           0.0029147,          5.8482e-05,             0.96731,             0.97177,             0.98847,             0.79404,            0.011913,           0.0032546,          0.00012732,           0.0010022,           0.0010022,           0.0010022
